{	
	"SheridanData" : {
		"FullName" : "Aastha Patel",
		"StudentID" : "991655260",
		"UserName" : "pataasth",
		"Program" : "Computer Programming"	
	},
	"Authors" : [
		{"authorName" : "Piers Paul Read", "picture" : "Piers_Paul.webp"},
		{"authorName" : "John Grisham", "picture" : "Grisham_John.jpg"},
		{"authorName" : "Margaret Atwood", "picture" : "Margaret_Atwood.webp" },
		{"authorName" : "Frank Herbert", "picture" : "frank_herbert.webp"}	
	],
    "Reference" : "https://openlibrary.org/developers/api"
}
