{
	"Winter2023" : {
		"myFullName" : "Patel Aasthaben Tarleshbhai",
		"sheridanID" : "991655260",
		"sheridanLogin" : "pataasth",
		"sheridanProgram" : "Computer Programming",
		"sheridanCampus" : "Davis",
		"myPersonalImg" : "Aastha"
	},
	"Cite" : "https://tasty.co/compilation/44-easy-3-ingredient-recipes",
	"Recipe": [
		{
			"recipeName" : "Peanut Butter Cookies", 
			"ingredients" : ["1 cup peanut butter", "1/2 cup sugar", "1 egg"],
			"directions" : "Mix all; Roll into balls; Bake 8-10 minutes",
			"calories" : 81,
			"picture" : "cookies.png"
		},
		{
			"recipeName" : "Apple Crisp Skillets", 
			"ingredients" : ["1 cup spice cake mix", "3 TBSP unsalted butter", "2 apples, sliced"],
			"directions" : "Mix cake mix and butter until crumbly; Arrange apple slices in skillet; Sprinkle cake mixture; Back 20 minutes",
			"calories" : 621,
			"picture" : "appleSkillet.png"
		},
		{
			"recipeName" : "Cloud Bread", 
			"ingredients" : ["3 eggs, separated;", "1/8 tsp cream of tartar", "3 TBSP Cream Cheese"],
			"directions" : "Add cream of tartar to egg whites and whip to peaks; Add cream cheese into egg yolks and mix; Fold egg whites and yolks together; Drop onto tray and spread into circles; Back 30 minutes",
			"calories" : 153,
			"picture" : "cloudBread.png"
		}
	]
}